{"cameraMode":{"drawMode":0,"name":"Shaded","section":"Shading Mode"},"sceneLighting":true,"audioPlay":false,"sceneViewState":{"showFog":false,"showMaterialUpdate":false,"showSkybox":false,"showFlares":false,"showImageEffects":false,"showParticleSystems":false},"in2DMode":false,"pivot":{"x":410.097412109375,"y":22.636470794677736,"z":583.1248168945313},"rotation":{"x":-0.04556240141391754,"y":0.9086194038391113,"z":-0.10293794423341751,"w":-0.4021729528903961},"size":866.7385864257813,"orthographic":false}